Pressure Altitude,RPM,Temp Deviation,%BHP,KTAS,GPH
2000,2500,ISA-20,-,-,-
2000,2500,ISA,75,116,8.4
2000,2500,ISA+20,71,115,7.9
2000,2400,ISA-20,72,111,8
2000,2400,ISA,67,111,7.5
2000,2400,ISA+20,63,110,7.1
2000,2300,ISA-20,64,106,7.1
2000,2300,ISA,60,105,6.7
2000,2300,ISA+20,56,105,6.3
2000,2200,ISA-20,56,101,6.3
2000,2200,ISA,53,100,6.1
2000,2200,ISA+20,50,99,5.8
2000,2100,ISA-20,50,95,5.8
2000,2100,ISA,47,94,5.6
2000,2100,ISA+20,45,93,5.4
4000,2550,ISA-20,-,-,-
4000,2550,ISA,75,118,8.4
4000,2550,ISA+20,71,118,7.9
4000,2500,ISA-20,76,116,8.5
4000,2500,ISA,71,115,8.1
4000,2500,ISA+20,67,115,7.5
4000,2400,ISA-20,68,111,7.6
4000,2400,ISA,64,110,7.1
4000,2400,ISA+20,60,109,6.7
4000,2300,ISA-20,60,105,6.8
4000,2300,ISA,57,105,6.4
4000,2300,ISA+20,54,104,6.1
4000,2200,ISA-20,54,100,6.1
4000,2200,ISA,51,99,5.9
4000,2200,ISA+20,48,98,5.7
4000,2100,ISA-20,48,94,5.6
4000,2100,ISA,46,93,5.5
4000,2100,ISA+20,44,92,5.3
6000,2600,ISA-20,-,-,-
6000,2600,ISA,75,120,8.4
6000,2600,ISA+20,71,120,7.9
6000,2500,ISA-20,72,116,8.1
6000,2500,ISA,67,115,7.6
6000,2500,ISA+20,64,114,7.1
6000,2400,ISA-20,64,110,7.2
6000,2400,ISA,60,109,6.8
6000,2400,ISA+20,57,109,6.4
6000,2300,ISA-20,57,105,6.5
6000,2300,ISA,54,104,6.2
6000,2300,ISA+20,52,103,5.9
6000,2200,ISA-20,51,99,5.9
6000,2200,ISA,49,98,5.7
6000,2200,ISA+20,47,97,5.5
6000,2100,ISA-20,46,93,5.5
6000,2100,ISA,44,92,5.4
6000,2100,ISA+20,42,91,5.2
8000,2650,ISA-20,-,-,-
8000,2650,ISA,75,122,8.4
8000,2650,ISA+20,71,122,7.9
8000,2600,ISA-20,76,120,8.6
8000,2600,ISA,71,120,8
8000,2600,ISA+20,67,119,7.5
8000,2500,ISA-20,68,115,7.7
8000,2500,ISA,64,114,7.2
8000,2500,ISA+20,60,113,6.8
8000,2400,ISA-20,61,110,6.9
8000,2400,ISA,58,109,6.5
8000,2400,ISA+20,55,108,6.2
8000,2300,ISA-20,55,104,6.2
8000,2300,ISA,52,103,6
8000,2300,ISA+20,50,102,5.8
8000,2200,ISA-20,49,98,5.7
8000,2200,ISA,47,97,5.5
8000,2200,ISA+20,45,96,5.4
10000,2650,ISA-20,76,122,8.5
10000,2650,ISA,71,122,8
10000,2650,ISA+20,67,121,7.5
10000,2600,ISA-20,72,120,8.1
10000,2600,ISA,68,119,7.6
10000,2600,ISA+20,64,118,7.1
10000,2500,ISA-20,65,114,7.3
10000,2500,ISA,61,114,6.8
10000,2500,ISA+20,58,112,6.5
10000,2400,ISA-20,58,109,6.5
10000,2400,ISA,55,108,6.2
10000,2400,ISA+20,52,107,6
10000,2300,ISA-20,52,103,6
10000,2300,ISA,50,102,5.8
10000,2300,ISA+20,48,101,5.6
10000,2200,ISA-20,47,97,5.6
10000,2200,ISA,45,96,5.4
10000,2200,ISA+20,44,95,5.3
12000,2600,ISA-20,68,119,7.7
12000,2600,ISA,64,118,7.2
12000,2600,ISA+20,61,117,6.8
12000,2500,ISA-20,62,114,6.9
12000,2500,ISA,58,113,6.5
12000,2500,ISA+20,55,111,6.2
12000,2400,ISA-20,56,108,6.3
12000,2400,ISA,53,107,6
12000,2400,ISA+20,51,106,5.8
12000,2300,ISA-20,50,102,5.8
12000,2300,ISA,48,101,5.6
12000,2300,ISA+20,46,100,5.5
12000,2200,ISA-20,46,96,5.5
12000,2200,ISA,44,95,5.4
12000,2200,ISA+20,43,94,5.3